,headline,country,city,latitude,longitude,population,cluster,x,y
0,Zika Outbreak Hits Miami,United States,Miami,25.77427,-80.19366,441003.0,0,-80.19366,25.77427
1,Could Zika Reach New York City?,United States,New York City,40.71427,-74.00597,8175133.0,0,-74.00597,40.71427
2,First Case of Zika in Miami Beach,United States,Miami Beach,25.79065,-80.13005,92312.0,0,-80.13005,25.79065
3,"Mystery Virus Spreads in Recife, Brazil",Brazil,Recife,-8.05389,-34.88111,1478098.0,1,-34.88111,-8.05389
4,Dallas man comes down with case of Zika,United States,Dallas,32.78306,-96.80667,1300092.0,0,-96.80667,32.78306
5,Trinidad confirms first Zika case,Bolivia,Trinidad,-14.83333,-64.9,84259.0,0,-64.9,-14.83333
6,Zika Concerns are Spreading in Houston,United States,Houston,29.76328,-95.36327,2296224.0,0,-95.36327,29.76328
7,Geneve Scientists Battle to Find Cure,Switzerland,Geneve,46.20222,6.14569,183981.0,2,6.14569,46.20222
8,The CDC in Atlanta is Growing Worried,United States,Atlanta,33.749,-84.38798,463878.0,0,-84.38798,33.749
9,Zika Infested Monkeys in Sao Paulo,Brazil,Sao Paulo,-23.5475,-46.63611,10021295.0,1,-46.63611,-23.5475
10,Brownsville teen contracts Zika virus,United States,Brownsville,25.90175,-97.49748,183887.0,0,-97.49748,25.90175
11,Mosquito control efforts in St. Louis take new tactics with Zika threat,United States,St. Louis,38.62727,-90.19789,315685.0,0,-90.19789,38.62727
12,San Juan reports 1st U.S. Zika-related death amid outbreak,Argentina,San Juan,-31.5375,-68.53639,447048.0,3,-68.53639,-31.5375
13,"Flu outbreak in Galveston, Texas",United States,Galveston,29.30135,-94.7977,50180.0,0,-94.7977,29.30135
14,Zika alert – Manila now threatened,Philippines,Manila,14.6042,120.9822,1600000.0,4,120.9822,14.6042
15,Zika afflicts 7 in Iloilo City,Philippines,Iloilo,10.69694,122.56444,387681.0,4,122.56444,10.69694
16,New Los Angeles Hairstyle goes Viral,United States,Los Angeles,34.05223,-118.24368,3971883.0,0,-118.24368,34.05223
18,Orlando volunteers aid Zika research,United States,Orlando,28.53834,-81.37924,270934.0,0,-81.37924,28.53834
20,Chicago's First Zika Case Confirmed,United States,Chicago,41.85003,-87.65005,2720546.0,0,-87.65005,41.85003
21,Tampa Bay Area Zika Case Count Climbs,United States,Tampa,27.94752,-82.45843,369075.0,0,-82.45843,27.94752
22,"Bad Water Leads to Sickness in Flint, Michigan",United States,Flint,43.01253,-83.68746,98310.0,0,-83.68746,43.01253
23,Baltimore plans for Zika virus,United States,Baltimore,39.29038,-76.61219,621849.0,0,-76.61219,39.29038
24,London Health Unit Tracks Mad Cow Disease,United Kingdom,London,51.50853,-0.12574000000000002,7556900.0,2,-0.12574000000000002,51.50853
25,Zika cases in Vietnam's Ho Chi Minh City surge,Vietnam,Ho Chi Minh City,10.82302,106.62965,3467331.0,4,106.62965,10.82302
26,Philadelphia experts track pandemic,United States,Philadelphia,39.95233,-75.16379,1567442.0,0,-75.16379,39.95233
27,Flu season hits Boston,United States,Boston,42.35843,-71.05977,667137.0,0,-71.05977,42.35843
28,Scientists in Paris to look for answers,France,Paris,48.85341,2.3487999999999998,2138551.0,2,2.3487999999999998,48.85341
29,Key Zika Findings in San Diego Institute,United States,San Diego,32.71571,-117.16472,1394928.0,0,-117.16472,32.71571
30,Thailand-Zika Virus in Bangkok,Thailand,Bangkok,13.75398,100.50144,5104476.0,4,100.50144,13.75398
31,Beijing team cracks Zika secret,China,Beijing,39.9075,116.39723,11716620.0,-1,116.39723,39.9075
32,Zika spreading to Salvador,Brazil,Salvador,-12.97111,-38.51083,2711840.0,1,-38.51083,-12.97111
33,Kuala Lumpur is Hit By Zika Threat,Malaysia,Kuala Lumpur,3.1412,101.68653,1453975.0,4,101.68653,3.1412
34,First Zika case confirmed in Yangon,Myanmar,Yangon,16.80528,96.15611,4477638.0,4,96.15611,16.80528
35,Tallahassee Doctors Discuss Zika Virus,United States,Tallahassee,30.43826,-84.28073,189907.0,0,-84.28073,30.43826
36,Zika Virus Reaches San Francisco,United States,San Francisco,37.77493,-122.41942,864816.0,0,-122.41942,37.77493
37,New Vaccine on Trial in Bethesda District,United States,Bethesda,38.98067,-77.10026,60858.0,0,-77.10026,38.98067
38,Townsville Zika tests inconclusive,Australia,Townsville,-19.26639,146.80569,196219.0,5,146.80569,-19.26639
39,Mandaluyong City under Siege by Virus,Philippines,Mandaluyong City,14.5832,121.0409,305576.0,4,121.0409,14.5832
40,Hepatitis E re-emerges in Santa Rosa,Philippines,Santa Rosa,14.31222,121.11139,216650.0,4,121.11139,14.31222
41,Zika worries in San Salvador,El Salvador,San Salvador,13.68935,-89.18718,525990.0,0,-89.18718,13.68935
42,Zika virus reported in Cleveland,United States,Cleveland,41.4995,-81.69541,388072.0,0,-81.69541,41.4995
43,More Zika patients reported in Austin,United States,Austin,30.26715,-97.74306,931830.0,0,-97.74306,30.26715
44,"Zika outbreak in Piracicaba, Brazil",Brazil,Piracicaba,-22.72528,-47.64917,342209.0,1,-47.64917,-22.72528
45,Lima tries to address Zika Concerns,Peru,Lima,-12.04318,-77.02824,7737002.0,0,-77.02824,-12.04318
46,More people in Toronto are infected with Hepatitis E every year,Canada,Toronto,43.70011,-79.4163,2600000.0,0,-79.4163,43.70011
47,18 new Zika Cases in Bogota,Colombia,Bogota,4.60971,-74.08175,7674366.0,0,-74.08175,4.60971
49,Brisbane is infested with Meningitis,Australia,Brisbane,-27.46794,153.02809,2189878.0,5,153.02809,-27.46794
50,Cholera outbreak in Dakar,Senegal,Dakar,14.6937,-17.44406,2476400.0,6,-17.44406,14.6937
51,Zika Virus Transmission Detected in Havana,Cuba,Havana,23.13302,-82.38304,2163824.0,0,-82.38304,23.13302
52,Zika symtomps spotted in Key West,United States,Key West,24.55524,-81.78163,25755.0,0,-81.78163,24.55524
53,Case of Measles Reported in Vancouver,Canada,Vancouver,49.24966,-123.11934,600000.0,0,-123.11934,49.24966
54,"Seattle scientists get $500,000 grant to pursue Zika vaccine New 7:50 pm",United States,Seattle,47.60621,-122.33207,684451.0,0,-122.33207,47.60621
55,Nashville takes precautions against Zika,United States,Nashville,36.16589,-86.78444,530852.0,0,-86.78444,36.16589
56,Saint Croix under Zika threat,U.S. Virgin Islands,Saint Croix,17.72751,-64.74698,50601.0,0,-64.74698,17.72751
57,Fort Collins Encounters Severe Symptoms of Gonorrhea,United States,Fort Collins,40.58526,-105.08442,161175.0,0,-105.08442,40.58526
58,"Zika surfaces in Klang, Malaysia",Malaysia,Klang,3.03667,101.44333,879867.0,4,101.44333,3.03667
59,Rumors about Meningitis spreading in Guatemala City have been refuted,Guatemala,Guatemala City,14.64072,-90.51327,994938.0,0,-90.51327,14.64072
60,Madison lab developing vaccine against Zika virus [The Wisconsin State Journal],United States,Madison,43.07305,-89.40123,248951.0,0,-89.40123,43.07305
61,New Zika Case Confirmed in Sarasota County,United States,Sarasota,27.33643,-82.53065,55118.0,0,-82.53065,27.33643
62,Lower Hospitalization in Entebbe after Rabies Vaccine becomes Mandatory,Uganda,Entebbe,0.05621,32.47949,62969.0,7,32.47949,0.05621
64,Second Zika Paitient in Brasilia,Brazil,Brasilia,-15.77972,-47.92972,2207718.0,1,-47.92972,-15.77972
65,Jacksonville man hit by Zika,United States,Jacksonville,30.33218,-81.65565,868031.0,0,-81.65565,30.33218
66,Schools in Shenzhen Closed Due to Malaria Outbreak,China,Shenzhen,22.54554,114.0683,10358381.0,4,114.0683,22.54554
67,Caracas patient dies,Venezuela,Caracas,10.48801,-66.87919,3000000.0,0,-66.87919,10.48801
68,More Quezon City Zika Transmissions,Philippines,Quezon City,14.6488,121.0509,2761720.0,4,121.0509,14.6488
69,Schools in Sydney Closed Due to Respiratory Syncytial Virus Outbreak,Australia,Sydney,-33.86785,151.20732,4627345.0,5,151.20732,-33.86785
70,Mumbai's Health Minister warns of more Zika cases,India,Mumbai,19.07283,72.88261,12691836.0,8,72.88261,19.07283
71,Pune woman diagnosed with Zika,India,Pune,18.51957,73.85535,2935744.0,8,73.85535,18.51957
72,Hospitals in Hanoi fill up with Zika patients,Vietnam,Hanoi,21.0245,105.84117,1431270.0,4,105.84117,21.0245
74,Authorities are Worried about the Spread of Bronchitis in Silver Spring,United States,Silver Spring,38.99067,-77.02609,71452.0,0,-77.02609,38.99067
75,Zika: Delhi for strict monitoring,India,Delhi,28.65195,77.23149,10927986.0,8,77.23149,28.65195
77,Belize City under threat from Zika,Belize,Belize City,17.49952,-88.19756,61461.0,0,-88.19756,17.49952
78,"Student sick in Campinas, Brazil",Brazil,Campinas,-22.90556,-47.06083,1031554.0,1,-47.06083,-22.90556
79,More Zika cases in Soyapango,El Salvador,Soyapango,13.71024,-89.13989,329708.0,0,-89.13989,13.71024
80,Authorities are Worried about the Spread of Mad Cow Disease in Rome,Italy,Rome,41.89193,12.511330000000001,2318895.0,2,12.511330000000001,41.89193
81,Seoul confirms 14th Zika infection,South Korea,Seoul,37.566,126.9784,10349312.0,4,126.9784,37.566
82,Hepatitis B Vaccine is now Required in Quebec,Canada,Quebec,46.81228,-71.21454,528595.0,0,-71.21454,46.81228
83,Zika outbreak spreads to Mexico City,Mexico,Mexico City,19.42847,-99.12766,12294193.0,0,-99.12766,19.42847
84,Rochester authorities confirmed the spread of Dengue,United States,Rochester,43.15478,-77.61556,209802.0,0,-77.61556,43.15478
85,El Paso fighting Zika,United States,El Paso,31.75872,-106.48693,681124.0,0,-106.48693,31.75872
86,Visitor to Cucuta contracts Zika,Colombia,Cucuta,7.89391,-72.50782,721398.0,0,-72.50782,7.89391
87,Zika now spreading through Jakarta,Indonesia,Jakarta,-6.21462,106.84513,8540121.0,4,106.84513,-6.21462
89,Salt Lake City tests new cure for Respiratory Syncytial Virus,United States,Salt Lake City,40.76078,-111.89105,192672.0,0,-111.89105,40.76078
90,Zika San Antonio Patient Speaks Out,United States,San Antonio,29.42412,-98.49363,1469845.0,0,-98.49363,29.42412
91,Ebola outbreak in Kampala,Uganda,Kampala,0.31628,32.58219,1353189.0,7,32.58219,0.31628
92,Precautionary Zika measures in Rockhampton,Australia,Rockhampton,-23.38032,150.50595,61724.0,5,150.50595,-23.38032
93,Zika arrives in Tegucigalpa,Honduras,Tegucigalpa,14.0818,-87.20681,850848.0,0,-87.20681,14.0818
94,New Zika Case Confirmed in Belo Horizonte,Brazil,Belo Horizonte,-19.92083,-43.937780000000004,2373224.0,1,-43.937780000000004,-19.92083
95,Case of Hepatitis E Reported in Melbourne,Australia,Melbourne,-37.814,144.96332,4246375.0,5,144.96332,-37.814
96,First Columbus Zika case,United States,Columbus,39.96118,-82.99879,850106.0,0,-82.99879,39.96118
97,New medicine wipes out Tuberculosis in Taipei,Taiwan,Taipei,25.04776,121.53185,7871900.0,4,121.53185,25.04776
98,"Zika Patient in Seminole, Florida",United States,Seminole,27.83975,-82.79121,18153.0,0,-82.79121,27.83975
99,Antipolo under threat from Zika Virus,Philippines,Antipolo,14.62578,121.12251,549543.0,4,121.12251,14.62578
100,Spreading Zika reaches Bacoor,Philippines,Bacoor,14.45896,120.93851,356974.0,4,120.93851,14.45896
101,Can Zika make it here to Vero Beach?,Turkey,Can,40.03328,27.05236,26201.0,-1,27.05236,40.03328
102,Zika afflicts patient in Calamba,Philippines,Calamba,14.21167,121.16528,316612.0,4,121.16528,14.21167
103,Hollywood Outbreak Film Premieres,United States,Hollywood,34.09834,-118.32674,167664.0,0,-118.32674,34.09834
104,Petaling Jaya man ill from Zika,Malaysia,Petaling Jaya,3.10726,101.60671,520698.0,4,101.60671,3.10726
105,Malaria is Spreading in Johannesburg,South Africa,Johannesburg,-26.20227,28.04363,2026469.0,9,28.04363,-26.20227
106,Authorities are Worried about the Spread of Norovirus in Buenos Aires,Argentina,Buenos Aires,-34.61315,-58.37723,13076300.0,3,-58.37723,-34.61315
107,Guangzhou Patient in Critical Condition after Contracting Swine Flu,China,Guangzhou,23.11667,113.25,11071424.0,4,113.25,23.11667
108,Doral hit by Deadly Virus,United States,Doral,25.81954,-80.35533,56035.0,0,-80.35533,25.81954
109,Tokyo Encounters Severe Symptoms of Meningitis,Japan,Tokyo,35.6895,139.69171,8336599.0,4,139.69171,35.6895
110,Rabies Exposure in Hamilton,Canada,Hamilton,43.25011,-79.84963,519949.0,0,-79.84963,43.25011
111,Authorities are Worried about the Spread of Influenza in Savannah,United States,Savannah,32.08354,-81.09983,145674.0,0,-81.09983,32.08354
112,Zika Outbreak in Hyderabad,India,Hyderabad,17.38405,78.45636,3597816.0,8,78.45636,17.38405
113,Birmingham Residents Recieve Rabies vaccine,United Kingdom,Birmingham,52.48142,-1.8998300000000001,984333.0,2,-1.8998300000000001,52.48142
114,Is Zika virus in Majuro?,Marshall Islands,Majuro,7.08971,171.38027,25400.0,-1,171.38027,7.08971
115,Spreading Zika ruining Cancun fun,Mexico,Cancun,21.17429,-86.84656,628306.0,0,-86.84656,21.17429
116,Cancun hit by Outbreak of Party Fever!,Mexico,Cancun,21.17429,-86.84656,628306.0,0,-86.84656,21.17429
117,HIV has Arrived in Fairfax,United States,Fairfax,38.84622,-77.30637,24013.0,0,-77.30637,38.84622
118,Spanish Flu Outbreak in Barcelona,Spain,Barcelona,41.38879,2.15899,1621537.0,2,2.15899,41.38879
119,Santa Barbara tests new cure for Hepatitis C,United States,Santa Barbara,34.42083,-119.69819,91842.0,0,-119.69819,34.42083
120,Spring break ruined by Zika in Fort Lauderdale,United States,Spring,30.07994,-95.41716,54298.0,0,-95.41716,30.07994
121,Villavicencio under Zika threat,Colombia,Villavicencio,4.142,-73.62664,321717.0,0,-73.62664,4.142
122,Two more Zika cases confirmed in Laredo,United States,Laredo,27.50641,-99.50754,255473.0,0,-99.50754,27.50641
123,New Delhi Addressing Zika Concerns,India,New Delhi,28.63576,77.22445,317797.0,8,77.22445,28.63576
124,"New Zika Case in Kota Kinabalu, Malaysia",Malaysia,Kota Kinabalu,5.9749,116.0724,457326.0,4,116.0724,5.9749
125,New medicine wipes out West Nile Virus in Ventura,United States,Ventura,34.27834,-119.29317,96769.0,0,-119.29317,34.27834
126,Meningitis re-emerges in Nassau,Bahamas,Nassau,25.058230000000002,-77.34306,227940.0,0,-77.34306,25.058230000000002
127,"Zika reaches Johor Bahru, Malaysia",Malaysia,Johor Bahru,1.4655,103.7578,802489.0,4,103.7578,1.4655
128,Nha Trang Zika Outbreak,Vietnam,Nha Trang,12.24507,109.19432,283441.0,4,109.19432,12.24507
129,First Zika Case in Cincinnati,United States,Cincinnati,39.12711,-84.51439,296943.0,0,-84.51439,39.12711
130,Molo Cholera Spread Causing Concern,Kenya,Molo,-0.24849000000000002,35.73194,27896.0,7,35.73194,-0.24849000000000002
131,Norovirus Exposure in Hong Kong,Hong Kong,Hong Kong,22.27832,114.17469,7012738.0,4,114.17469,22.27832
132,19 new Zika Cases in Sengkang,Indonesia,Sengkang,-4.1279,120.0297,59523.0,-1,120.0297,-4.1279
133,Zika cases concern Charlotte residents,United States,Charlotte,35.22709,-80.84313,827097.0,0,-80.84313,35.22709
134,Batangas Tourism Takes a Hit as Virus Spreads,Philippines,Batangas,13.7567,121.0584,237370.0,4,121.0584,13.7567
135,Johannesburg Patient in Critical Condition after Contracting Pneumonia,South Africa,Johannesburg,-26.20227,28.04363,2026469.0,9,28.04363,-26.20227
136,Outbreak of Zika in Bacolod City,Philippines,Bacolod City,10.66667,122.95,454898.0,4,122.95,10.66667
137,Respiratory Syncytial Virus Keeps Spreading in Masaya,Nicaragua,Masaya,11.97444,-86.09417,130113.0,0,-86.09417,11.97444
138,Spike of Pneumonia Cases in Springfield,United States,Springfield,37.21533,-93.29824,166810.0,0,-93.29824,37.21533
140,Zika case reported in Jupiter,United States,Jupiter,26.93422,-80.09421,62707.0,0,-80.09421,26.93422
141,Zika virus confirmed in Westchester,United States,Westchester,25.75482,-80.32727,29862.0,0,-80.32727,25.75482
142,Authorities are Worried about the Spread of Tuberculosis in Abuja,Nigeria,Abuja,9.05785,7.49508,590400.0,10,7.49508,9.05785
143,Rumors about Hepatitis D Spreading in San Juan Capistrano have been Refuted,United States,San Juan Capistrano,33.50169,-117.66255,36454.0,0,-117.66255,33.50169
144,The Spread of Measles in Spokane has been Confirmed,United States,Spokane,47.65966,-117.42908,213272.0,0,-117.42908,47.65966
145,Zika alert for Rio Grande Valley residents,Argentina,Rio Grande,-53.78769,-67.70946,52681.0,-1,-67.70946,-53.78769
146,Zika symptoms spotted in Colombo,Sri Lanka,Colombo,6.93548,79.84868,648034.0,8,79.84868,6.93548
147,West Nile Virus Outbreak in Louisville,United States,Louisville,38.25424,-85.75941,243639.0,0,-85.75941,38.25424
148,New details in Baton Rouge cop killings,United States,Baton Rouge,30.44332,-91.18747,228590.0,0,-91.18747,30.44332
149,Hepatitis B has not Left Florence,Italy,Florence,43.77925,11.24626,349296.0,2,11.24626,43.77925
150,More Zika patients reported in Pensacola,United States,Pensacola,30.42131,-87.21691,53193.0,0,-87.21691,30.42131
151,Outbreak of Zika in Corpus Christi,United States,Corpus Christi,27.80058,-97.39638,324074.0,0,-97.39638,27.80058
152,How to Avoid Rhinovirus in Lemon Grove,United States,Lemon Grove,32.74255,-117.03142,26709.0,0,-117.03142,32.74255
153,Rumors about Rotavirus spreading in Huntsville have been refuted,United States,Huntsville,34.7304,-86.58594,190582.0,0,-86.58594,34.7304
154,Rhinovirus has Arrived in Athens,Greece,Athens,37.98376,23.72784,664046.0,-1,23.72784,37.98376
155,Outbreak of Zika in Panama City,Panama,Panama City,30.15946,-85.65983,38286.0,0,-85.65983,30.15946
157,Measles has not Left Brooklyn,United States,Brooklyn,40.6501,-73.94958,2300664.0,0,-73.94958,40.6501
158,Escondido neighborhood to get sprayed for Zika virus,United States,Escondido,33.11921,-117.08642,151451.0,0,-117.08642,33.11921
159,"Zika in Belmont, Belmont worry",United States,Belmont,37.52021,-122.2758,27218.0,0,-122.2758,37.52021
160,Influenza has not Left Sacramento,United States,Sacramento,38.58157,-121.4944,490712.0,0,-121.4944,38.58157
161,Veracruz hit by Zika Concerns,Mexico,Veracruz,19.18095,-96.1429,428323.0,0,-96.1429,19.18095
162,Case of Mumps Reported in Dayton,United States,Dayton,39.75895,-84.19161,140599.0,0,-84.19161,39.75895
163,Authorities are Worried about the Spread of Dengue in Kingston,Jamaica,Kingston,17.99702,-76.79358,937700.0,0,-76.79358,17.99702
164,Gainesville Deals with Disease Concerns,United States,Gainesville,29.65163,-82.32483,130128.0,0,-82.32483,29.65163
165,Montevideo Encounters Severe Symptoms of Rotavirus,Uruguay,Montevideo,-34.90328,-56.18816,1270737.0,3,-56.18816,-34.90328
166,Varicella Keeps Spreading in Detroit,United States,Detroit,42.33143,-83.04575,677116.0,0,-83.04575,42.33143
167,Arhus is infested with Bronchitis,Denmark,Arhus,56.15674,10.21076,237551.0,2,10.21076,56.15674
168,Zika Troubles come to Niteroi,Brazil,Niteroi,-22.88333,-43.10361,456456.0,1,-43.10361,-22.88333
169,Zika cases in Singapore reach 393,Singapore,Singapore,1.28967,103.85007,3547809.0,4,103.85007,1.28967
170,Manhattan Residents Recieve HIV vaccine,United States,Manhattan,40.78343,-73.96625,1487536.0,0,-73.96625,40.78343
171,Zika arrives in Miri,Malaysia,Miri,4.39928,113.99163,228212.0,4,113.99163,4.39928
172,Rumors about Dengue Spreading in Syracuse have been Refuted,United States,Syracuse,43.04812,-76.14742,144142.0,0,-76.14742,43.04812
173,Will Norovirus vaccine help Raleigh?,United States,Raleigh,35.7721,-78.63861,451066.0,0,-78.63861,35.7721
174,Lower Hospitalization in Auckland after Hepatitis D Vaccine becomes Mandatory,New Zealand,Auckland,-36.84853,174.76349,417910.0,-1,174.76349,-36.84853
175,How to Avoid Gonorrhea in Shreveport,United States,Shreveport,32.52515,-93.75018,197204.0,0,-93.75018,32.52515
176,Ithaca is infested with Dengue,United States,Ithaca,42.44063,-76.49661,30788.0,0,-76.49661,42.44063
177,Will MCD vaccine help Strasbourg?,France,Strasbourg,48.58392,7.7455300000000005,274845.0,2,7.7455300000000005,48.58392
178,New medicine wipes out Measles in Fresno,United States,Fresno,36.74773,-119.77237,520052.0,0,-119.77237,36.74773
179,BREAKING – Zika in Missoula,United States,Missoula,46.87215,-113.994,71022.0,0,-113.994,46.87215
180,Zika arrives in Santos,Brazil,Santos,-23.96083,-46.33361,411403.0,1,-46.33361,-23.96083
181,Sick Livestock Leads to Serious Trouble for Belfort,France,Belfort,47.64218,6.85385,54562.0,2,6.85385,47.64218
182,Hepatitis E has not Left Libreville,Gabon,Libreville,0.39241000000000004,9.45356,578156.0,10,9.45356,0.39241000000000004
183,New medicine wipes out Chikungunya in Tucson,United States,Tucson,32.22174,-110.92648,531641.0,0,-110.92648,32.22174
184,Norovirus has Arrived in Winnipeg,Canada,Winnipeg,49.8844,-97.14704,632063.0,0,-97.14704,49.8844
185,Hepatitis B Comes to Kansas City,United States,Kansas City,39.09973,-94.57857,475378.0,0,-94.57857,39.09973
186,More Patients in Cambridge are Getting Diagnosed with Chickenpox,United Kingdom,Cambridge,52.2,0.11667000000000001,158434.0,2,0.11667000000000001,52.2
187,Chikungunya Exposure in Toledo,United States,Toledo,41.66394,-83.55521,279789.0,0,-83.55521,41.66394
188,Is Lafayette prepared to combat Zika?,United States,Lafayette,30.22409,-92.01984,127657.0,0,-92.01984,30.22409
189,Mecca tests new cure for Chikungunya,Saudi Arabia,Mecca,21.42664,39.82563,1323624.0,11,39.82563,21.42664
190,Zika arrives in San Benito,Guatemala,San Benito,16.91675,-89.91898,30764.0,0,-89.91898,16.91675
191,Syphilis Outbreak in Harrisburg,United States,Harrisburg,40.2737,-76.88442,49081.0,0,-76.88442,40.2737
192,Zika Arrives in North Miami,United States,North Miami,25.89009,-80.18671,62435.0,0,-80.18671,25.89009
193,Urbana Encounters Severe Symptoms of Meningitis,United States,Urbana,40.11059,-88.20727,42311.0,0,-88.20727,40.11059
194,Pittsburgh Residents Recieve Norovirus vaccine,United States,Pittsburgh,40.44062,-79.99589,304391.0,0,-79.99589,40.44062
195,Chikungunya Hits Denver,United States,Denver,39.73915,-104.9847,682545.0,0,-104.9847,39.73915
196,Zika case recorded in Tunapuna »,Trinidad and Tobago,Tunapuna,10.65245,-61.38878,17758.0,0,-61.38878,10.65245
197,Spike of Respiratory Syncytial Virus Cases in Mandalay,Myanmar,Mandalay,21.97473,96.08359,1208099.0,4,96.08359,21.97473
198,HIV Keeps Spreading in Boulder,United States,Boulder,40.01499,-105.27055,107349.0,0,-105.27055,40.01499
199,More Zika patients reported in Joao Pessoa,Brazil,Joao Pessoa,-7.115,-34.86306,650883.0,1,-34.86306,-7.115
200,Will Tuberculosis vaccine help Rockville?,United States,Rockville,39.084,-77.15276,66980.0,0,-77.15276,39.084
201,Mad Cow Disease Re-emerges in Chatham,United Kingdom,Chatham,51.37891,0.52786,75509.0,2,0.52786,51.37891
202,Zika Virus Arrives in Ontario,United States,Ontario,34.06334,-117.65089,171214.0,0,-117.65089,34.06334
203,Mad Cow Disease Hits Naples,Italy,Naples,40.85216,14.26811,959470.0,2,14.26811,40.85216
204,More Zika patients reported in Davao,Philippines,Davao,7.07306,125.61278,1212504.0,4,125.61278,7.07306
205,The Spread of Chikungunya in Arcadia has been Confirmed,United States,Arcadia,34.13973,-118.03534,58408.0,0,-118.03534,34.13973
206,Oxford tests new cure for HIV,United Kingdom,Oxford,51.75222,-1.25596,171380.0,2,-1.25596,51.75222
207,Outbreak of Zika in Stephenville,United States,Stephenville,32.2207,-98.20226,20120.0,0,-98.20226,32.2207
208,Providence Encounters Severe Symptoms of Dengue,United States,Providence,41.82399,-71.41283,179207.0,0,-71.41283,41.82399
209,Tests negative on Windsor Zika carriers,Canada,Windsor,42.30008,-83.01654,278013.0,0,-83.01654,42.30008
210,Zika battle outlined at Valdosta meeting,United States,Valdosta,30.83334,-83.28032,55724.0,0,-83.28032,30.83334
211,Zika case reported in Coral Gables,United States,Coral Gables,25.72149,-80.26838,51117.0,0,-80.26838,25.72149
212,Hepatitis C Outbreak in Danbury,United States,Danbury,41.39482,-73.45401,84657.0,0,-73.45401,41.39482
213,Chickenpox has Arrived in Chula Vista,United States,Chula Vista,32.64005,-117.0842,265757.0,0,-117.0842,32.64005
214,Syphilis Hits Jefferson,United States,Jefferson,38.86456,-77.18776,28487.0,0,-77.18776,38.86456
215,Will HIV vaccine help Las Vegas?,United States,Las Vegas,36.17497,-115.13722,623747.0,0,-115.13722,36.17497
216,Zika arrives in West Palm Beach,United States,West Palm Beach,26.71534,-80.05337,106779.0,0,-80.05337,26.71534
217,Mobile authorities confirmed the spread of Bronchitis,United States,Mobile,30.69436,-88.04305,194288.0,0,-88.04305,30.69436
218,Zika spreads to Daytona Beach,United States,Daytona Beach,29.21081,-81.02283,64736.0,0,-81.02283,29.21081
219,Lausanne Residents Recieve Meningitis vaccine,Switzerland,Lausanne,46.516,6.63282,116751.0,2,6.63282,46.516
220,Rhinovirus Comes to San Jose,United States,San Jose,37.33939,-121.89496,1026908.0,0,-121.89496,37.33939
221,Spike of Chlamydia Cases in Farmington,United States,Farmington,36.72806,-108.21869,42871.0,0,-108.21869,36.72806
222,Authorities are Worried about the Spread of Rotavirus in Union,United States,Union,40.6976,-74.2632,56771.0,0,-74.2632,40.6976
223,Rumors about Hepatitis D spreading in Albany have been refuted,United States,Albany,42.65258,-73.75623,98469.0,0,-73.75623,42.65258
224,Zika symptoms spotted in Bello,Colombia,Bello,6.33732,-75.55795,392939.0,0,-75.55795,6.33732
225,Will Meningitis vaccine help Hamburg?,Germany,Hamburg,53.57532,10.01534,1739117.0,2,10.01534,53.57532
226,Madera Patient in Critical Condition after Contracting Rabies,United States,Madera,36.96134,-120.06072,64208.0,0,-120.06072,36.96134
227,Zika Virus Detected in Lubbock,United States,Lubbock,33.57786,-101.85517,249042.0,0,-101.85517,33.57786
228,Malaria re-emerges in Boise,United States,Boise,43.6135,-116.20345,145987.0,0,-116.20345,43.6135
229,Varicella re-emerges in Lagos,Nigeria,Lagos,6.45407,3.39467,9000000.0,10,3.39467,6.45407
230,Vericella spreading in Ibadan,Nigeria,Ibadan,7.37756,3.90591,3565108.0,10,3.90591,7.37756
231,Schools in Birmingham Closed Due to Measles Outbreak,United Kingdom,Birmingham,52.48142,-1.8998300000000001,984333.0,2,-1.8998300000000001,52.48142
232,How to Avoid Hepatitis B in Waldorf,United States,Waldorf,38.62456,-76.93914,67752.0,0,-76.93914,38.62456
235,Tuberculosis Outbreak in Newark,United States,Newark,40.73566,-74.17237,281944.0,0,-74.17237,40.73566
236,Zika Virus Sparks 'International Concern',United States,Sparks,39.534909999999996,-119.75269,96094.0,0,-119.75269,39.534909999999996
237,Spike of Chlamydia Cases in Berlin,Germany,Berlin,52.52437,13.41053,3426354.0,2,13.41053,52.52437
238,Zika-carrying mosquitoes discovered in Ardmore,United States,Ardmore,34.17426,-97.14363,25176.0,0,-97.14363,34.17426
239,"Zika Mosquitoes May Have Bred in Bromeliads, Florida Officials Say",Cuba,Florida,21.52536,-78.22579,63007.0,0,-78.22579,21.52536
240,More Livestock in Fontainebleau are infected with Mad Cow Disease,France,Fontainebleau,48.40908,2.70177,19717.0,2,2.70177,48.40908
241,Frisco Woman Tests Positive For Zika Virus,United States,Frisco,33.15067,-96.82361,154407.0,0,-96.82361,33.15067
242,Authorities are Worried about the Spread of Norovirus in Dubai,United Arab Emirates,Dubai,25.07725,55.30927,2956587.0,-1,55.30927,25.07725
243,Benton Residents Recieve Pneumonia vaccine,United States,Benton,34.56454,-92.58683,34177.0,0,-92.58683,34.56454
244,Case of Hepatitis A Reported in Calgary,Canada,Calgary,51.05011,-114.08529,1019942.0,0,-114.08529,51.05011
245,Zika Outbreak in Pinewood,United States,Pinewood,25.86898,-80.21699,16520.0,0,-80.21699,25.86898
246,Will Swine Flu vaccine help Ljubljana?,Slovenia,Ljubljana,46.05108,14.50513,272220.0,2,14.50513,46.05108
247,Bronchitis re-emerges in Tehran,Iran,Tehran,35.69439,51.42151,7153309.0,12,51.42151,35.69439
249,Mad Cow case in Murcia,Spain,Murcia,37.98704,-1.13004,436870.0,2,-1.13004,37.98704
250,Mad Cow Disease Spreads to Margate,United Kingdom,Margate,51.38132,1.38617,60134.0,2,1.38617,51.38132
251,Zika Strikes St. Petersburg,United States,St. Petersburg,27.77086,-82.67927,257083.0,0,-82.67927,27.77086
253,Will the Mad Cow Outbreak Reach Vienna?,Austria,Vienna,48.20849,16.37208,1691468.0,2,16.37208,48.20849
254,More Patients in Orange are Getting Diagnosed with Chickenpox,United States,Orange,33.78779,-117.85311,140992.0,0,-117.85311,33.78779
255,Lower Hospitalization in Richmond after Mumps Vaccine becomes Mandatory,United States,Richmond,37.55376,-77.46026,220289.0,0,-77.46026,37.55376
256,Meningitis re-emerges in Medina,Saudi Arabia,Medina,24.46861,39.61417,1300000.0,11,39.61417,24.46861
258,Four cases of Zika in Hidalgo County,Mexico,Hidalgo,25.97205,-100.45029,16524.0,0,-100.45029,25.97205
259,Zika symptoms spotted in Hollywood,United States,Hollywood,34.09834,-118.32674,167664.0,0,-118.32674,34.09834
260,Zika arrives in Oaxaca,Mexico,Oaxaca,17.06542,-96.72365,255029.0,0,-96.72365,17.06542
261,More people in Durham are infected with Chlamydia every year,United States,Durham,35.99403,-78.89862,257636.0,0,-78.89862,35.99403
262,Authorities are Worried about the Spread of Gonorrhea in Taoyuan City,Taiwan,Taoyuan City,24.99368,121.29696,402014.0,4,121.29696,24.99368
263,Swine Flu re-emerges in La Jolla,United States,La Jolla,32.84727,-117.2742,42808.0,0,-117.2742,32.84727
264,Tuberculosis Outbreak in Hartford,United States,Hartford,41.76371,-72.68509,124006.0,0,-72.68509,41.76371
265,Rumors about Mumps Spreading in New Bedford have been Refuted,United States,New Bedford,41.63526,-70.92701,94958.0,0,-70.92701,41.63526
266,Respiratory Syncytial Virus Vaccine is now Required in Tulsa,United States,Tulsa,36.15398,-95.99277,403505.0,0,-95.99277,36.15398
267,More people in Indianapolis are infected with Norovirus every year,United States,Indianapolis,39.76838,-86.15804,829718.0,0,-86.15804,39.76838
268,Lower Hospitalization in Dhaka after Measles Vaccine becomes Mandatory,India,Dhaka,26.67479,85.16698,36111.0,8,85.16698,26.67479
269,Albany Residents Recieve Respiratory Syncytial Virus vaccine,United States,Albany,42.65258,-73.75623,98469.0,0,-73.75623,42.65258
271,Rotavirus Vaccine is now Required in Starkville,United States,Starkville,33.45049,-88.81961,25366.0,0,-88.81961,33.45049
272,Schools in Yaounde Closed Due to Mumps Outbreak,Cameroon,Yaounde,3.86667,11.51667,1299369.0,10,11.51667,3.86667
273,More people in Nadi are infected with HIV every year,Fiji,Nadi,-17.80309,177.41617,42284.0,13,177.41617,-17.80309
274,Tocumen tests new cure for Hepatitis A,Panama,Tocumen,9.08939,-79.3831,50844.0,0,-79.3831,9.08939
275,Phnom Penh hit by Zika Threat,Cambodia,Phnom Penh,11.56245,104.91601,1573544.0,4,104.91601,11.56245
276,Zika Troubles come to Harlingen,United States,Harlingen,26.19063,-97.6961,65774.0,0,-97.6961,26.19063
277,Zika spreads to Barranquilla,Colombia,Barranquilla,10.96854,-74.78132,1380425.0,0,-74.78132,10.96854
278,Milwaukee authorities confirmed the spread of Rhinovirus,United States,Milwaukee,43.0389,-87.90647,600155.0,0,-87.90647,43.0389
279,Mad Cow Disease Hits Rotterdam,Netherlands,Rotterdam,51.9225,4.47917,598199.0,2,4.47917,51.9225
280,Zika symptoms spotted in Arlington,United States,Arlington,32.73569,-97.10807,388125.0,0,-97.10807,32.73569
281,West Nile Virus Hits Yogyakarta,Indonesia,Yogyakarta,-7.80139,110.36472,636660.0,4,110.36472,-7.80139
282,More Patients in Dublin are Getting Diagnosed with Bronchitis,Ireland,Dublin,53.33306,-6.24889,1024027.0,2,-6.24889,53.33306
283,Rumors about Tuberculosis Spreading in Baud have been Refuted,India,Baud,20.83773,84.32618,18945.0,8,84.32618,20.83773
284,Rumors about West Nile Virus Spreading in Salem have been Refuted,India,Salem,11.65376,78.15538,778396.0,8,78.15538,11.65376
285,St. Catharines Patient in Critical Condition after Contracting Dengue,Canada,St. Catharines,43.17126,-79.24267,131989.0,0,-79.24267,43.17126
287,More Zika patients reported in Camacari,Brazil,Camacari,-12.6975,-38.32417,188758.0,1,-38.32417,-12.6975
288,Outbreak of Zika in Pasig City,Philippines,Pasig City,14.58691,121.0614,617301.0,4,121.0614,14.58691
289,Zika Troubles come to Kampong Cham,Cambodia,Kampong Cham,11.99339,105.4635,61750.0,4,105.4635,11.99339
290,Zika case reported in Rizal,Philippines,Rizal,15.7118,121.1061,26201.0,4,121.1061,15.7118
291,Zika Spreads to Palm Beach Gardens,United States,Palm Beach Gardens,26.82339,-80.13865,52923.0,0,-80.13865,26.82339
292,More people in Saint Petersburg are infected with Varicella every year,Russia,Saint Petersburg,59.93863,30.31413,5028000.0,-1,30.31413,59.93863
293,Spike of Herpes Cases in Meriden,United States,Meriden,41.53815,-72.80704,59988.0,0,-72.80704,41.53815
294,Zika case reported in Abilene,United States,Abilene,32.44874,-99.73314,121721.0,0,-99.73314,32.44874
295,Outbreak of Zika in Palm Springs,United States,Palm Springs,33.8303,-116.54529,47371.0,0,-116.54529,33.8303
296,Halifax is infested with Swine Flu,Canada,Halifax,44.64533,-63.57239,359111.0,0,-63.57239,44.64533
297,Zika arrives in Natal,Brazil,Natal,-5.795,-35.20944,763043.0,1,-35.20944,-5.795
298,Herpes Keeps Spreading in Rochester,United States,Rochester,43.15478,-77.61556,209802.0,0,-77.61556,43.15478
299,Zika case reported in Phetchabun,Thailand,Phetchabun,16.41904,101.16056,50656.0,4,101.16056,16.41904
300,How to Avoid Pneumonia in Bullhead City,United States,Bullhead City,35.14778,-114.5683,39445.0,0,-114.5683,35.14778
301,West Nile Virus re-emerges in Wellington,New Zealand,Wellington,-41.28664,174.77557,381900.0,-1,174.77557,-41.28664
302,Rumors about Pneumonia spreading in Ottawa have been refuted,Canada,Ottawa,45.41117,-75.69812,812129.0,0,-75.69812,45.41117
303,Meningitis re-emerges in Summerville,United States,Summerville,33.0185,-80.17565,48848.0,0,-80.17565,33.0185
304,Pneumonia Symptoms Spread all over Bloomington,United States,Bloomington,44.8408,-93.29828,86435.0,0,-93.29828,44.8408
305,More Patients in Stuttgart are Getting Diagnosed with Rabies,Germany,Stuttgart,48.78232,9.17702,589793.0,2,9.17702,48.78232
306,Schools in Glasgow Closed Due to Hepatitis B Outbreak,United Kingdom,Glasgow,55.86515,-4.25763,591620.0,2,-4.25763,55.86515
307,Phoenix Residents Recieve Syphilis vaccine,United States,Phoenix,33.44838,-112.07404,1563025.0,0,-112.07404,33.44838
309,Spanish flu spreading in Madrid,Spain,Madrid,40.4165,-3.70256,3255944.0,2,-3.70256,40.4165
310,Rabies Hits Madrid,Spain,Madrid,40.4165,-3.70256,3255944.0,2,-3.70256,40.4165
311,Zika Outbreak in Weslaco,United States,Weslaco,26.15952,-97.99084,39474.0,0,-97.99084,26.15952
312,How to Avoid Chlamydia in Santiago,Chile,Santiago,-33.45694,-70.64827,4837295.0,3,-70.64827,-33.45694
313,Rotavirus Vaccine is now Required in Las Cumbres,Panama,Las Cumbres,9.08916,-79.52809,69102.0,0,-79.52809,9.08916
314,Mumps Symptoms Spread all over Jefferson,United States,Jefferson,38.86456,-77.18776,28487.0,0,-77.18776,38.86456
315,Mad Cow Outbreak Spreading in Ennis,Ireland,Ennis,52.84361,-8.98639,24427.0,2,-8.98639,52.84361
316,Southampton Patient in Critical Condition after Contracting Tuberculosis,United Kingdom,Southampton,50.90395,-1.40428,246201.0,2,-1.40428,50.90395
317,The Spread of Rhinovirus in Boardman has been Confirmed,United States,Boardman,41.02423,-80.66285,35376.0,0,-80.66285,41.02423
318,Richland Center is infested with Hepatitis B,United States,Richland,46.28569,-119.28446,54248.0,0,-119.28446,46.28569
319,Authorities are Worried about the Spread of Chickenpox in Richmond,United States,Richmond,37.55376,-77.46026,220289.0,0,-77.46026,37.55376
320,Chikungunya re-emerges in Kobe,Japan,Kobe,34.6913,135.183,1528478.0,4,135.183,34.6913
321,Malaria Vaccine is now Required in Schenectady,United States,Schenectady,42.81424,-73.93957,65305.0,0,-73.93957,42.81424
322,Hepatitis D has Arrived in Grenoble,France,Grenoble,45.17869,5.71479,158552.0,2,5.71479,45.17869
323,West Nile Virus Symptoms Spread all over Yerevan,Armenia,Yerevan,40.18111,44.51361,1093485.0,12,44.51361,40.18111
324,Zika Outbreak in Sincelejo,Colombia,Sincelejo,9.30472,-75.39778,261187.0,0,-75.39778,9.30472
325,Rumors about HIV spreading in Montpellier have been refuted,France,Montpellier,43.61092,3.87723,248252.0,2,3.87723,43.61092
326,Praia tests new cure for Pneumonia,Cabo Verde,Praia,14.93152,-23.51254,113364.0,6,-23.51254,14.93152
328,Lower Hospitalization in Lakewood after Hepatitis B Vaccine becomes Mandatory,United States,Lakewood,39.70471,-105.08137,152597.0,0,-105.08137,39.70471
329,Zika spreads to Kuching,Malaysia,Kuching,1.55,110.33333,570407.0,4,110.33333,1.55
330,Spike of Rotavirus Cases in Omaha,United States,Omaha,41.25626,-95.94043,443885.0,0,-95.94043,41.25626
331,Tuberculosis re-emerges in Silver Springs,South Africa,Springs,-26.25,28.4,186394.0,9,28.4,-26.25
332,Will West Nile Virus vaccine help Coronado?,United States,Coronado,32.68589,-117.18309,24812.0,0,-117.18309,32.68589
333,Zika case confirmed in Lorain,United States,Lorain,41.45282,-82.18237,63647.0,0,-82.18237,41.45282
334,Chickenpox Hits Simpsonville,United States,Simpsonville,34.73706,-82.25428,20736.0,0,-82.25428,34.73706
335,Framingham Residents Receive Measles vaccine,United States,Framingham,42.27926,-71.41617,68318.0,0,-71.41617,42.27926
336,Rumors about Mad Cow Disease Brighton have been Refuted,United Kingdom,Brighton,50.82838,-0.13947,139001.0,2,-0.13947,50.82838
337,Zika case reported in Jacobina,Brazil,Jacobina,-11.18143,-40.51372,47637.0,1,-40.51372,-11.18143
338,Bridgeport authorities confirmed the spread of West Nile Virus,United States,Bridgeport,41.17923,-73.18945,147629.0,0,-73.18945,41.17923
340,Measles Vaccine is now Required in Wailuku,United States,Wailuku,20.89133,-156.50604,15313.0,-1,-156.50604,20.89133
341,Zika symptoms spotted in Surat,India,Surat,21.19594,72.83023,2894504.0,8,72.83023,21.19594
343,More contaminated cattle reported in Bedford,United Kingdom,Bedford,52.13459,-0.46632,106940.0,2,-0.46632,52.13459
344,Zika in Tamarac!,United States,Tamarac,26.21286,-80.24977,64681.0,0,-80.24977,26.21286
345,Will Measles vaccine help Milford?,United States,Milford,41.22232,-73.0565,52759.0,0,-73.0565,41.22232
346,Spike of Norovirus Cases in Huddersfield,United Kingdom,Huddersfield,53.64904,-1.78416,149017.0,2,-1.78416,53.64904
347,Rhinovirus Hits Bakersfield,United States,Bakersfield,35.37329,-119.01871,373640.0,0,-119.01871,35.37329
348,Lower Hospitalization in Papeete after Measles Vaccine becomes Mandatory,French Polynesia,Papeete,-17.53733,-149.5665,26357.0,-1,-149.5665,-17.53733
349,Zika arrives in Udon Thani,Thailand,Udon Thani,17.41567,102.78589,247231.0,4,102.78589,17.41567
350,Spike of Dengue Cases in Stockholm,Sweden,Stockholm,59.33258,18.0649,1515017.0,2,18.0649,59.33258
351,More people in Berkeley are infected with Swine Flu every year,United States,Berkeley,37.87159,-122.27275,120972.0,0,-122.27275,37.87159
353,Zika only the latest mosquito-borne threat to New Orleans,United States,New Orleans,29.95465,-90.07507,389617.0,0,-90.07507,29.95465
354,Will Swine Flu vaccine help Annapolis?,United States,Annapolis,38.97845,-76.49218,39474.0,0,-76.49218,38.97845
355,Lower Hospitalization in Monroe after Hepatitis D Vaccine becomes Mandatory,United States,Monroe,32.50931,-92.1193,49598.0,0,-92.1193,32.50931
356,New medicine wipes out Dengue in Saginaw,United States,Saginaw,43.41947,-83.95081,49347.0,0,-83.95081,43.41947
357,Spike of Rhinovirus Cases in Sevierville,United States,Sevierville,35.86815,-83.56184,16490.0,0,-83.56184,35.86815
358,Duisburg up in Arms over Mad Cow Disease,Germany,Duisburg,51.43247,6.76516,504358.0,2,6.76516,51.43247
359,New medicine wipes out Mumps in Saint Charles,United States,Saint Charles,38.78394,-90.48123,65794.0,0,-90.48123,38.78394
360,Case of Chikungunya Reported in Gaithersburg,United States,Gaithersburg,39.14344,-77.20137,67456.0,0,-77.20137,39.14344
361,How to Avoid Respiratory Syncytial Virus in San Bernardino,United States,San Bernardino,34.10834,-117.28977,216108.0,0,-117.28977,34.10834
362,Laventille authorities confirmed the spread of Rhinovirus,Trinidad and Tobago,Laventille,10.64917,-61.49889,21000.0,0,-61.49889,10.64917
363,More Zika patients reported in Waco,United States,Waco,31.54933,-97.14667,132356.0,0,-97.14667,31.54933
364,Will Herpes vaccine help Newcastle?,South Africa,Newcastle,-27.75796,29.9318,404838.0,9,29.9318,-27.75796
365,Erie County sets Zika traps,United States,Erie,42.12922,-80.08506,99475.0,0,-80.08506,42.12922
367,How to Avoid Norovirus in Greenville,United States,Greenville,35.61266,-77.36635,90597.0,0,-77.36635,35.61266
368,More Zika patients reported in Calumpang,Philippines,Calumpang,14.6228,121.0897,15589.0,4,121.0897,14.6228
369,Zika symptoms spotted in Quisqueya,Dominican Republic,Quisqueya,18.55542,-69.40814,17694.0,0,-69.40814,18.55542
370,Rumors about Hepatitis D Spreading in Montreal have been Refuted,Canada,Montreal,45.50884,-73.58781,1600000.0,0,-73.58781,45.50884
371,Zika symptoms spotted in Fortaleza,Brazil,Fortaleza,-3.71722,-38.54306,2400000.0,1,-38.54306,-3.71722
372,Rumors about Bronchitis spreading in Bundaberg have been refuted,Australia,Bundaberg,-24.86621,152.3479,70826.0,5,152.3479,-24.86621
373,Hepatitis A re-emerges in Stamford,United States,Stamford,41.05343,-73.53873,128874.0,0,-73.53873,41.05343
374,Schools in Huntington Closed Due to Rotavirus Outbreak,United States,Huntington,38.41925,-82.44515,48638.0,0,-82.44515,38.41925
375,Will Mad Cow Vaccine Help Bristol?,United Kingdom,Bristol,51.45523,-2.59665,617280.0,2,-2.59665,51.45523
376,Chickenpox Comes to Stillwater,United States,Stillwater,36.11561,-97.05837,48967.0,0,-97.05837,36.11561
377,The Spread of Meningitis in Imperial has been Confirmed,Peru,Imperial,-13.05927,-76.35269,32344.0,0,-76.35269,-13.05927
380,Case of Measles Reported in Springdale,United States,Springdale,36.18674,-94.12881,77859.0,0,-94.12881,36.18674
381,Norwalk Encounters Severe Symptoms of Malaria,United States,Norwalk,33.90224,-118.08173,107140.0,0,-118.08173,33.90224
382,Zika arrives in Orange City,United States,Orange,33.78779,-117.85311,140992.0,0,-117.85311,33.78779
383,Pilsen Encounters Severe Symptoms of Malaria,Czechia,Pilsen,49.74747,13.37759,164180.0,2,13.37759,49.74747
384,Will Hepatitis B vaccine help La Paz?,Bolivia,La Paz,-16.5,-68.15,812799.0,0,-68.15,-16.5
385,Zika Outbreak in Puducherry,India,Puducherry,11.93381,79.82979,227411.0,8,79.82979,11.93381
386,More Zika patients reported in Carrollton,United States,Carrollton,32.95373,-96.89028,133168.0,0,-96.89028,32.95373
387,Will Rabies vaccine help Tangier?,Morocco,Tangier,35.76727,-5.79975,688356.0,2,-5.79975,35.76727
388,Zika symptoms spotted in Iquitos,Peru,Iquitos,-3.74912,-73.25383,437620.0,0,-73.25383,-3.74912
389,West Nile Virus Exposure in Racine,United States,Racine,42.72613,-87.78285,77742.0,0,-87.78285,42.72613
390,The Spread of Hepatitis E in Lansing has been Confirmed,United States,Lansing,42.73253,-84.55553,115056.0,0,-84.55553,42.73253
391,West Nile Virus Exposure in Alpharetta,United States,Alpharetta,34.07538,-84.29409,63693.0,0,-84.29409,34.07538
392,Pedro Juan Caballero Encounters Severe Symptoms of Pneumonia,Paraguay,Pedro Juan Caballero,-22.54722,-55.73333,75109.0,1,-55.73333,-22.54722
393,More Zika patients reported in Melbourne,Australia,Melbourne,-37.814,144.96332,4246375.0,5,144.96332,-37.814
394,Zika Troubles come to La Libertad,Ecuador,La Libertad,-2.233,-80.91039,75881.0,0,-80.91039,-2.233
395,Herpes Vaccine is now Required in Mattoon,United States,Mattoon,39.48309,-88.37283,18113.0,0,-88.37283,39.48309
396,Kent is infested with Rabies,United States,Kent,47.38093,-122.23484,126952.0,0,-122.23484,47.38093
397,Zika symptoms spotted in Bonita Springs,United States,Bonita Springs,26.33981,-81.7787,51704.0,0,-81.7787,26.33981
398,The Spread of Malaria in Brazzaville has been Confirmed,Republic of the Congo,Brazzaville,-4.26613,15.28318,1284609.0,10,15.28318,-4.26613
399,More Zika patients reported in Fort Myers,United States,Fort Myers,26.62168,-81.84059,74013.0,0,-81.84059,26.62168
400,Zika spreads to Lewisville,United States,Lewisville,33.04623,-96.99417,104039.0,0,-96.99417,33.04623
401,Ogden is infested with Gonorrhea,United States,Ogden,41.223,-111.97383,85444.0,0,-111.97383,41.223
402,Fort Hood Reports its First Zika Patient,United States,Fort Hood,31.13489,-97.77561,29589.0,0,-97.77561,31.13489
403,Huzhou Residents Receive Hepatitis B vaccine,China,Huzhou,30.8703,120.0933,158320.0,4,120.0933,30.8703
404,New medicine wipes out Rabies in Newburgh,United States,Newburgh,41.50343,-74.01042,28290.0,0,-74.01042,41.50343
405,Iowa City Encounters Severe Symptoms of Rhinovirus,United States,Iowa City,41.66113,-91.53017,74220.0,0,-91.53017,41.66113
406,Spike of Rabies Cases in Managua,Nicaragua,Managua,12.13282,-86.2504,973087.0,0,-86.2504,12.13282
407,Outbreak of Zika in Santa Elena,Ecuador,Santa Elena,-2.22622,-80.85873,42214.0,0,-80.85873,-2.22622
408,Mumps Hits Howard Beach,United States,Howard Beach,40.65788,-73.83625,26148.0,0,-73.83625,40.65788
409,The Spread of Gonorrhea in Reno has been Confirmed,United States,Reno,39.52963,-119.8138,241445.0,0,-119.8138,39.52963
410,How to Avoid Rhinovirus in Plainfield,United States,Plainfield,40.63371,-74.40737,51217.0,0,-74.40737,40.63371
411,Rumors about Varicella spreading in Carlsbad have been refuted,United States,Carlsbad,33.15809,-117.35059,113453.0,0,-117.35059,33.15809
412,Scranton authorities confirmed the spread of Gonorrhea,United States,Scranton,41.40916,-75.6649,77118.0,0,-75.6649,41.40916
413,Mad Cow Disease Disastrous to Brussels,Belgium,Brussels,50.85045,4.34878,1019022.0,2,4.34878,50.85045
414,Zika spreads to Olinda,Brazil,Olinda,-8.00889,-34.85528,366754.0,1,-34.85528,-8.00889
415,Hallandale Beach a Victim of Zika Outbreak,United States,Hallandale Beach,25.9812,-80.14838,39488.0,0,-80.14838,25.9812
416,Rhinovirus re-emerges in Storrs,United States,Storrs,41.80843,-72.24952,15344.0,0,-72.24952,41.80843
417,Germantown authorities confirmed the spread of Chickenpox,United States,Germantown,39.17316,-77.27165,86395.0,0,-77.27165,39.17316
418,Rumors about Rotavirus spreading in North Platte have been refuted,United States,North Platte,41.12389,-100.76542,24194.0,0,-100.76542,41.12389
419,Spike of Hepatitis C Cases in Golden,United States,Golden,39.75554,-105.2211,20330.0,0,-105.2211,39.75554
420,Authorities are Worried about the Spread of Hepatitis D in Ganja,Azerbaijan,Ganja,40.68278,46.36056,313300.0,12,46.36056,40.68278
421,Dengue Exposure in Kathmandu,Nepal,Kathmandu,27.70169,85.3206,1442271.0,8,85.3206,27.70169
422,Tuberculosis has Arrived in Fairfield,United States,Fairfield,38.24936,-122.03997,112970.0,0,-122.03997,38.24936
423,Outbreak of Zika in Kozhikode,India,Kozhikode,11.24802,75.7804,439922.0,8,75.7804,11.24802
424,Bronchitis Symptoms Spread all over Santa Fe,Argentina,Santa Fe,-31.64881,-60.70868,489505.0,3,-60.70868,-31.64881
425,More Patients in Alexandria are Getting Diagnosed with Mumps,Egypt,Alexandria,31.20176,29.91582,3811516.0,11,29.91582,31.20176
426,Pneumonia Exposure in Alhambra,United States,Alhambra,33.49838,-112.13432,127764.0,0,-112.13432,33.49838
427,Hepatitis C re-emerges in Damascus,Syria,Damascus,33.5102,36.29128,1569394.0,11,36.29128,33.5102
428,Lower Hospitalization in Pekanbaru after Rotavirus Vaccine becomes Mandatory,Indonesia,Pekanbaru,0.5166700000000001,101.44167,703956.0,4,101.44167,0.5166700000000001
430,Schools in Bentonville Closed Due to Hepatitis B Outbreak,United States,Bentonville,36.37285,-94.20882,44499.0,0,-94.20882,36.37285
431,Hepatitis E Hits Hammond,United States,Hammond,41.58337,-87.50004,77614.0,0,-87.50004,41.58337
432,Schools in Bridgeton Closed Due to Mumps Outbreak,United States,Bridgeton,39.42734,-75.23408,25031.0,0,-75.23408,39.42734
433,Biloxi Residents Recieve Chlamydia vaccine,United States,Biloxi,30.39603,-88.88531,45637.0,0,-88.88531,30.39603
434,Case of Mad Cow Disease Reported in Hilden,Germany,Hilden,51.16818,6.93093,56565.0,2,6.93093,51.16818
435,Rumors about Rabies Spreading in Khartoum have been Refuted,Sudan,Khartoum,15.55177,32.53241,1974647.0,11,32.53241,15.55177
436,Harare is infested with Pneumonia,Zimbabwe,Harare,-17.82772,31.05337,1542813.0,9,31.05337,-17.82772
437,Zika symptoms spotted in Sibu,Malaysia,Sibu,2.3,111.81667,198239.0,4,111.81667,2.3
438,Zika arrives in Quezon,Philippines,Quezon,7.7302800000000005,125.09889,27212.0,4,125.09889,7.7302800000000005
439,More Patients in Crawfordsville are Getting Diagnosed with Rabies,United States,Crawfordsville,40.04115,-86.87445,16024.0,0,-86.87445,40.04115
440,Spike of Hepatitis B Cases in Greenville,United States,Greenville,35.61266,-77.36635,90597.0,0,-77.36635,35.61266
441,Authorities are Worried about the Spread of Hepatitis D in Akron,United States,Akron,41.08144,-81.51901,197542.0,0,-81.51901,41.08144
442,More Zika patients reported in Nuevo Laredo,Mexico,Nuevo Laredo,27.47629,-99.51639,373725.0,0,-99.51639,27.47629
443,Bronchitis Keeps Spreading in San Mateo,Philippines,San Mateo,14.6982,121.1236,134327.0,4,121.1236,14.6982
444,Zika arrives in Boca Raton,United States,Boca Raton,26.35869,-80.0831,93235.0,0,-80.0831,26.35869
445,Bradenton Experiences Zika Troubles  ,United States,Bradenton,27.49893,-82.57482,54437.0,0,-82.57482,27.49893
446,Chlamydia Symptoms Spread all over University City,United States,University City,38.65588,-90.30928,35058.0,0,-90.30928,38.65588
447,Wisconsin Rapids Patient in Critical Condition after Contracting Chickenpox,United States,Wisconsin Rapids,44.38358,-89.81735,17897.0,0,-89.81735,44.38358
448,Zika spreads to Kissimmee,United States,Kissimmee,28.30468,-81.41667,69152.0,0,-81.41667,28.30468
449,Herpes Symptoms Spread all over Fremont,United States,Fremont,37.54827,-121.98857,232206.0,0,-121.98857,37.54827
450,Spike of Pneumonia Cases in The Bronx,United States,The Bronx,40.84985,-73.86641,1385108.0,0,-73.86641,40.84985
451,Authorities are Worried about the Spread of Hepatitis D in North Bay,Canada,North Bay,46.3168,-79.46633,50396.0,0,-79.46633,46.3168
452,The Spread of Herpes in Baku has been Confirmed,Azerbaijan,Baku,40.37767,49.89201,1116513.0,12,49.89201,40.37767
453,Will Measles vaccine help Sochi?,Russia,Sochi,43.59917,39.72569,327608.0,12,39.72569,43.59917
454,Tuberculosis Symptoms Spread all over Caguas,Puerto Rico,Caguas,18.23412,-66.0485,86804.0,0,-66.0485,18.23412
455,HIV has Arrived in Tacoma,United States,Tacoma,47.25288,-122.44429,207948.0,0,-122.44429,47.25288
456,Malaria re-emerges in Nashua,United States,Nashua,42.76537,-71.46757,87970.0,0,-71.46757,42.76537
457,Arvada is infested with Syphilis,United States,Arvada,39.80276,-105.08748,115368.0,0,-105.08748,39.80276
458,Spike of Syphilis Cases in West Monroe,United States,Monroe,32.50931,-92.1193,49598.0,0,-92.1193,32.50931
459,More Zika patients reported in Ribeirao Preto,Brazil,Ribeirao Preto,-21.1775,-47.81028,619746.0,1,-47.81028,-21.1775
461,Deerfield tests new cure for Measles,United States,Deerfield,42.17114,-87.84451,19019.0,0,-87.84451,42.17114
462,Contaminated Meat Brings Trouble for Bonn Farmers,Germany,Bonn,50.73438,7.09549,313125.0,2,7.09549,50.73438
464,Hepatitis A re-emerges in Foster City,United States,Foster City,37.55855,-122.27108,33477.0,0,-122.27108,37.55855
465,How to Avoid Tuberculosis in Santa Monica,United States,Santa Monica,34.01945,-118.49119,93220.0,0,-118.49119,34.01945
466,Zika reported in Fort Pierce,United States,Fort Pierce,27.44671,-80.32561,44484.0,0,-80.32561,27.44671
467,Authorities are Worried about the Spread of Syphilis in Pyongyang,North Korea,Pyongyang,39.03385,125.75432,3222000.0,4,125.75432,39.03385
468,Zika spreads to Winter Park,United States,Winter Park,28.6,-81.33924,29943.0,0,-81.33924,28.6
469,Durango is infested with Hepatitis B,Spain,Durango,43.17124,-2.6338,28229.0,2,-2.6338,43.17124
470,Hepatitis A has not Left Staten Island,United States,Staten Island,40.56233,-74.13986,468730.0,0,-74.13986,40.56233
471,Mpika authorities confirmed the spread of Chikungunya,Zambia,Mpika,-11.83431,31.45287,28445.0,9,31.45287,-11.83431
472,Gladstone Encounters Severe Symptoms of Dengue,Australia,Gladstone,-23.84852,151.25775,30489.0,5,151.25775,-23.84852
473,Mad Cow Disease Hits London,United Kingdom,London,51.50853,-0.12574000000000002,7556900.0,2,-0.12574000000000002,51.50853
474,New Milford Patient in Critical Condition after Contracting Respiratory Syncytial Virus,United States,New Milford,40.9351,-74.01903,16801.0,0,-74.01903,40.9351
475,More people in Palo Alto are infected with HIV every year,United States,Palo Alto,37.44188,-122.14302,66853.0,0,-122.14302,37.44188
476,HIV Symptoms Spread all over Hinthada,Myanmar,Hinthada,17.64944,95.45705,134947.0,4,95.45705,17.64944
477,Zika symptoms spotted in Quito,Ecuador,Quito,-0.22985000000000003,-78.52495,1399814.0,0,-78.52495,-0.22985000000000003
478,Vineland authorities confirmed the spread of Chlamydia,United States,Vineland,39.48623,-75.02573,60818.0,0,-75.02573,39.48623
479,"Sulu, Zamboanga brace for Zika",Philippines,Zamboanga,6.91028,122.07389,457623.0,4,122.07389,6.91028
480,More Zika patients reported in Custodia,Brazil,Custodia,-8.0875,-37.64306,18107.0,1,-37.64306,-8.0875
481,Tupelo Residents Recieve Syphilis vaccine,United States,Tupelo,34.258070000000004,-88.70464,35680.0,0,-88.70464,34.258070000000004
483,Spanish Flu Outbreak in Lisbon,Portugal,Lisbon,38.71667,-9.13333,517802.0,2,-9.13333,38.71667
484,Spanish Flu Spreading through Madrid,Spain,Madrid,40.4165,-3.70256,3255944.0,2,-3.70256,40.4165
485,Barcelona Struck by Spanish Flu,Spain,Barcelona,41.38879,2.15899,1621537.0,2,2.15899,41.38879
488,Barcelona Struck by Spanish Flu ,Spain,Barcelona,41.38879,2.15899,1621537.0,2,2.15899,41.38879
489,The Spread of Dengue in Yakima has been Confirmed,United States,Yakima,46.60207,-120.5059,93701.0,0,-120.5059,46.60207
490,Tuberculosis Hits Luanda,Angola,Luanda,-8.83682,13.23432,2776168.0,10,13.23432,-8.83682
491,Will West Nile Virus vaccine help Dumai?,Indonesia,Dumai,1.66711,101.44316,143760.0,4,101.44316,1.66711
492,Rumors about Chlamydia spreading in Redmond have been refuted,United States,Redmond,47.67399,-122.12151,60598.0,0,-122.12151,47.67399
493,Case of Varicella Reported in Concord,United States,Concord,37.97798,-122.03107,128667.0,0,-122.03107,37.97798
494,Zika virus case reported in Rockland,United States,Rockland,42.13066,-70.91616,17982.0,0,-70.91616,42.13066
495,Zika investigators coming to Mankato,United States,Mankato,44.15906,-94.00915,41044.0,0,-94.00915,44.15906
496,Toms River Encounters Severe Symptoms of Respiratory Syncytial Virus,United States,Toms River,39.95373,-74.19792,88791.0,0,-74.19792,39.95373
497,The Spread of Malaria in Zanzibar has been Confirmed,Tanzania,Zanzibar,-6.16394,39.19793,403658.0,7,39.19793,-6.16394
498,Malaria Outbreak Hits Zanzibar's Tourist Industry,Tanzania,Zanzibar,-6.16394,39.19793,403658.0,7,39.19793,-6.16394
499,Tourist Perishes from Malaria in Arusha,Tanzania,Arusha,-3.36667,36.68333,341136.0,7,36.68333,-3.36667
500,Herpes Symptoms Spread all over New Kingston,Jamaica,New Kingston,18.00747,-76.78319,583958.0,0,-76.78319,18.00747
501,More people in Yokohama are infected with Norovirus every year,Japan,Yokohama,35.43333,139.65,3574443.0,4,139.65,35.43333
502,More people in Kitwe are infected with Respiratory Syncytial Virus every year,Zambia,Kitwe,-12.80243,28.21323,400914.0,9,28.21323,-12.80243
503,Hepatitis D Keeps Spreading in Bismarck,United States,Bismarck,46.80833,-100.78374,71167.0,0,-100.78374,46.80833
504,Varicella Outbreak in Minot,United States,Minot,48.23251,-101.29627,49450.0,0,-101.29627,48.23251
505,Malaria has Arrived in Terrebonne,Canada,Terrebonne,45.70004,-73.64732,94703.0,0,-73.64732,45.70004
506,Chikungunya Keeps Spreading in North Vancouver,Canada,North Vancouver,49.31636,-123.06934,48000.0,0,-123.06934,49.31636
507,Authorities are Worried about the Spread of Chickenpox in Hemet,United States,Hemet,33.74761,-116.97307,83861.0,0,-116.97307,33.74761
510,Rumors about Hepatitis C spreading in Darien have been refuted,United States,Darien,41.75198,-87.97395,22256.0,0,-87.97395,41.75198
511,The Spread of West Nile Virus in Fairfield has been Confirmed,United States,Fairfield,38.24936,-122.03997,112970.0,0,-122.03997,38.24936
512,Princeton Encounters Severe Symptoms of Dengue,United States,Princeton,40.34872,-74.65905,29603.0,0,-74.65905,40.34872
513,Norovirus Keeps Spreading in Copenhagen,Denmark,Copenhagen,55.67594,12.56553,1153615.0,2,12.56553,55.67594
514,Wuhan is infested with Varicella,China,Wuhan,30.58333,114.26667,9785388.0,4,114.26667,30.58333
515,Zika spreads to San Luis Potosi,Mexico,San Luis Potosi,22.14982,-100.97916,722772.0,0,-100.97916,22.14982
517,Spike of Norovirus Cases in Canberra,Australia,Canberra,-35.28346,149.12807,367752.0,5,149.12807,-35.28346
518,Zika Troubles come to Greater Noida,India,Greater Noida,28.49615,77.53601,293908.0,8,77.53601,28.49615
519,Lower Hospitalization in Palm Springs after Hepatitis A Vaccine becomes Mandatory,United States,Palm Springs,33.8303,-116.54529,47371.0,0,-116.54529,33.8303
521,Outbreak of Zika in Leesburg,United States,Leesburg,39.11566,-77.5636,51209.0,0,-77.5636,39.11566
522,Authorities are Worried about the Spread of Tuberculosis in Cantu,Italy,Cantu,45.74096,9.13084,37273.0,2,9.13084,45.74096
524,New medicine wipes out HIV in Kihei,United States,Kihei,20.76462,-156.44578,20881.0,-1,-156.44578,20.76462
525,Sangre Grande Residents Recieve Gonorrhea vaccine,Trinidad and Tobago,Sangre Grande,10.58705,-61.13008,15968.0,0,-61.13008,10.58705
526,Outbreak of Zika in Colombo,Sri Lanka,Colombo,6.93548,79.84868,648034.0,8,79.84868,6.93548
527,Will Rotavirus vaccine help Addis Ababa?,Ethiopia,Addis Ababa,9.02497,38.74689,2757729.0,11,38.74689,9.02497
528,Stony Brook University experts discuss Zika virus,United States,University,28.07389,-82.43902,41163.0,0,-82.43902,28.07389
529,Lower Hospitalization in Janesville after Varicella Vaccine becomes Mandatory,United States,Janesville,42.68279,-89.01872,64123.0,0,-89.01872,42.68279
530,Rabies Outbreak in Altus,United States,Altus,34.63813,-99.33398,19214.0,0,-99.33398,34.63813
531,Miami resident suggests Zika precautions,United States,Miami,25.77427,-80.19366,441003.0,0,-80.19366,25.77427
532,Zika Troubles come to Jaen,Philippines,Jaen,15.3275,120.9192,39700.0,4,120.9192,15.3275
533,Hepatitis B Exposure in Edinburgh,United Kingdom,Edinburgh,55.95206,-3.19648,464990.0,2,-3.19648,55.95206
534,Zika case reported in Reynosa,Mexico,Reynosa,26.08061,-98.28835,589466.0,0,-98.28835,26.08061
535,Schools in Tulare Closed Due to Mumps Outbreak,United States,Tulare,36.20773,-119.34734,62315.0,0,-119.34734,36.20773
536,More Zika patients reported in Chennai,India,Chennai,13.08784,80.27847,4328063.0,8,80.27847,13.08784
537,Hepatitis D Keeps Spreading in Danvers,United States,Danvers,42.57509,-70.93005,26493.0,0,-70.93005,42.57509
538,Authorities a Miami,United States,Miami,25.77427,-80.19366,441003.0,0,-80.19366,25.77427
539,Zika case reported in Medellin,Colombia,Medellin,6.25184,-75.56359,1999979.0,0,-75.56359,6.25184
540,Spike of Tuberculosis Cases in Albuquerque,United States,Albuquerque,35.08449,-106.65114,559121.0,0,-106.65114,35.08449
541,More people in Cranford are infected with Hepatitis A every year,United States,Cranford,40.65844,-74.29959,22627.0,0,-74.29959,40.65844
542,West Nile Virus Hits Monroe,United States,Monroe,32.50931,-92.1193,49598.0,0,-92.1193,32.50931
543,Pneumonia Outbreak in Springville,United States,Springville,40.16523,-111.61075,32286.0,0,-111.61075,40.16523
544,Zika arrives in San Onofre,Colombia,San Onofre,9.73586,-75.52626,32957.0,0,-75.52626,9.73586
545,Lung Cancer Rates Increasing in Moscow,Russia,Moscow,55.75222,37.61556,10381222.0,-1,37.61556,55.75222
546,Rumors about Rotavirus Spreading in Joliet have been Refuted,United States,Joliet,41.52519,-88.0834,147861.0,0,-88.0834,41.52519
547,More Zika patients reported in Chanthaburi,Thailand,Chanthaburi,12.60961,102.10447,99819.0,4,102.10447,12.60961
548,Lawrenceville is infested with Dengue,United States,Lawrenceville,33.95621,-83.98796,30493.0,0,-83.98796,33.95621
549,Zika Reported in Ciudad Acuna,Mexico,Ciudad Acuna,29.32322,-100.95217,134233.0,0,-100.95217,29.32322
550,Zika case reported in Limoeiro,Brazil,Limoeiro,-7.87472,-35.45028,42328.0,1,-35.45028,-7.87472
551,Ibadan tests new cure for Malaria,Nigeria,Ibadan,7.37756,3.90591,3565108.0,10,3.90591,7.37756
552,Gonorrhea has Arrived in Avon Lake,United States,Avon Lake,41.50532,-82.0282,23453.0,0,-82.0282,41.50532
553,Pneumonia has not Left Kinshasa,Democratic Republic of the Congo,Kinshasa,-4.32758,15.31357,7785965.0,10,15.31357,-4.32758
554,Respiratory Syncytial Virus Hits Henderson,United States,Henderson,36.0397,-114.98194,285667.0,0,-114.98194,36.0397
555,More Zika patients reported in Lakeland,United States,Lakeland,28.03947,-81.9498,104401.0,0,-81.9498,28.03947
556,Malaria Vaccine is now Required in Winona,United States,Winona,44.04996,-91.63932,27094.0,0,-91.63932,44.04996
557,More Patients in Canton are Getting Diagnosed with Norovirus,United States,Canton,42.30865,-83.48216,86825.0,0,-83.48216,42.30865
558,Ronkonkoma is infested with Chickenpox,United States,Ronkonkoma,40.81538,-73.11233,19082.0,0,-73.11233,40.81538
559,Kedougou tests new cure for Hepatitis C,Senegal,Kedougou,12.55561,-12.18076,17922.0,6,-12.18076,12.55561
560,Gonorrhea Exposure in Norwalk,United States,Norwalk,33.90224,-118.08173,107140.0,0,-118.08173,33.90224
561,How to Avoid Rhinovirus in Medford,United States,Medford,42.32652,-122.87559,79805.0,0,-122.87559,42.32652
562,Hepatitis D Symptoms Spread all over Evansville,United States,Evansville,37.97476,-87.55585,119943.0,0,-87.55585,37.97476
563,New medicine wipes out Herpes in Bossier City,United States,Bossier City,32.51599,-93.73212,68094.0,0,-93.73212,32.51599
564,Pneumonia Exposure in San Jose,United States,San Jose,37.33939,-121.89496,1026908.0,0,-121.89496,37.33939
565,Authorities are Worried about the Spread of Mad Cow Disease in Edinburgh,United Kingdom,Edinburgh,55.95206,-3.19648,464990.0,2,-3.19648,55.95206
566,Duluth Patient in Critical Condition after Contracting Rotavirus,United States,Duluth,46.78327,-92.10658,86110.0,0,-92.10658,46.78327
568,Norfolk tests new cure for Herpes,United States,Norfolk,36.84681,-76.28522,246393.0,0,-76.28522,36.84681
569,More Zika patients reported in Botucatu,Brazil,Botucatu,-22.88583,-48.445,113862.0,1,-48.445,-22.88583
570,Manassas Encounters Severe Symptoms of Measles,United States,Manassas,38.75095,-77.47527,41764.0,0,-77.47527,38.75095
571,Fayetteville authorities confirmed the spread of HIV,United States,Fayetteville,35.05266,-78.87836,201963.0,0,-78.87836,35.05266
572,Varicella Exposure in Cambridge,United Kingdom,Cambridge,52.2,0.11667000000000001,158434.0,2,0.11667000000000001,52.2
573,Hepatitis A Vaccine is now Required in Fukushima,Japan,Fukushima,37.75,140.46667,294237.0,4,140.46667,37.75
574,Zika Outbreak in South Miami,United States,Miami,25.77427,-80.19366,441003.0,0,-80.19366,25.77427
575,Hepatitis D Symptoms Spread all over North Bethesda,United States,North Bethesda,39.04455,-77.11887,43828.0,0,-77.11887,39.04455
576,Panama City’s first Zika related death,Panama,Panama City,30.15946,-85.65983,38286.0,0,-85.65983,30.15946
577,West Nile Virus has Arrived in Dongguan,China,Dongguan,23.01797,113.74866,8000000.0,4,113.74866,23.01797
578,Zika arrives in Belmopan,Belize,Belmopan,17.25,-88.76667,13381.0,0,-88.76667,17.25
579,Zika seminars in Yuma County,United States,Yuma,32.72532,-114.6244,94139.0,0,-114.6244,32.72532
580,Rumors about Hepatitis E Spreading in Morristown have been Refuted,United States,Morristown,36.21398,-83.29489,29478.0,0,-83.29489,36.21398
581,Mumps Outbreak in Joplin,United States,Joplin,37.08423,-94.51328,51818.0,0,-94.51328,37.08423
583,Authorities are Worried about the Spread of Mumps in Corona,United States,Corona,33.87529,-117.56644,164226.0,0,-117.56644,33.87529
584,Schools in Danville Closed Due to Tuberculosis Outbreak,United States,Danville,37.82159,-121.99996,44400.0,0,-121.99996,37.82159
586,Marquette tests new cure for Hepatitis A,United States,Marquette,46.54354,-87.39542,21297.0,0,-87.39542,46.54354
587,Norovirus Vaccine is now Required in Anaheim,United States,Anaheim,33.83529,-117.9145,350742.0,0,-117.9145,33.83529
588,Zika Outbreak in Manaus,Brazil,Manaus,-3.10194,-60.025,1598210.0,-1,-60.025,-3.10194
589,Zika spreads to Caucasia,Colombia,Caucasia,7.98654,-75.19349,58034.0,0,-75.19349,7.98654
590,Case of Malaria Reported in Aurora,United States,Aurora,39.72943,-104.83192,359407.0,0,-104.83192,39.72943
591,Manchester Residents Recieve Influenza vaccine,United Kingdom,Manchester,53.48095,-2.23743,395515.0,2,-2.23743,53.48095
592,Zika spreads to Kamphaeng Phet,Thailand,Kamphaeng Phet,16.48344,99.52153,58787.0,4,99.52153,16.48344
593,Rotavirus Vaccine is now Required in Labasa,Fiji,Labasa,-16.4332,179.36451,27949.0,13,179.36451,-16.4332
594,The Spread of Hepatitis E in Fargo has been Confirmed,United States,Fargo,46.87719,-96.7898,118523.0,0,-96.7898,46.87719
595,Zika Outbreak in Mexicali,Mexico,Mexicali,32.62781,-115.45446,689775.0,0,-115.45446,32.62781
596,West Nile Virus Keeps Spreading in Hauppauge,United States,Hauppauge,40.82565,-73.20261,20882.0,0,-73.20261,40.82565
597,Bronchitis Keeps Spreading in Hayward,United States,Hayward,37.66882,-122.0808,158289.0,0,-122.0808,37.66882
600,Zika spreads to Plant City,United States,Plant City,28.01888,-82.11469,37406.0,0,-82.11469,28.01888
601,Chlamydia Exposure in Sanaa,Yemen,Sanaa,15.35472,44.20667,1937451.0,11,44.20667,15.35472
602,Zika Reported in North Miami Beach,United States,North Miami Beach,25.93315,-80.16255,43971.0,0,-80.16255,25.93315
603,More Patients in Kensington are Getting Diagnosed with Varicella,United States,Kensington,40.64621,-73.97069,39120.0,0,-73.97069,40.64621
605,Case of West Nile Virus Reported in Riverside,United States,Riverside,33.95335,-117.39616,322424.0,0,-117.39616,33.95335
606,Northfield Encounters Severe Symptoms of Herpes,United States,Northfield,44.4583,-93.1616,20380.0,0,-93.1616,44.4583
607,The Spread of Respiratory Syncytial Virus in Monroe has been Confirmed,United States,Monroe,32.50931,-92.1193,49598.0,0,-92.1193,32.50931
608,How to Avoid Hepatitis B in Trenton,United States,Trenton,40.21705,-74.74294,84225.0,0,-74.74294,40.21705
609,Zika Reported in Ilopango,El Salvador,Ilopango,13.70167,-89.10944,38890.0,0,-89.10944,13.70167
610,Barstow Patient in Critical Condition after Contracting Herpes,United States,Barstow,34.89859,-117.02282,23692.0,0,-117.02282,34.89859
611,Hepatitis D Exposure in Aswan,Egypt,Aswan,24.09082,32.89942,241261.0,11,32.89942,24.09082
612,Will Gonorrhea vaccine help East Moline?,United States,East Moline,41.50087,-90.4443,21350.0,0,-90.4443,41.50087
613,New medicine wipes out Influenza in Redlands,United States,Redlands,34.05557,-117.18254,71035.0,0,-117.18254,34.05557
614,How to Avoid Contaminated Meat when Visiting Basel,Switzerland,Basel,47.55839,7.57327,164488.0,2,7.57327,47.55839
615,More Zika patients reported in Kampong Speu,Cambodia,Kampong Speu,11.45332,104.52085,33231.0,4,104.52085,11.45332
616,Alameda Residents Recieve Rabies vaccine,United States,Alameda,37.76521,-122.24164,78630.0,0,-122.24164,37.76521
617,Mad Cow Disease Detected in Lyon,France,Lyon,45.74846,4.84671,472317.0,2,4.84671,45.74846
618,Memphis Encounters Severe Symptoms of Swine Flu,United States,Memphis,35.14953,-90.04898,655770.0,0,-90.04898,35.14953
619,Zika Troubles come to Delray Beach,United States,Delray Beach,26.46146,-80.07282,66255.0,0,-80.07282,26.46146
620,How to Avoid Chikungunya in Hampton,United States,Hampton,37.02987,-76.34522,136454.0,0,-76.34522,37.02987
621,Zika Reported in Sao Jose,Brazil,Sao Jose,-28.21171,-49.1632,200000.0,1,-49.1632,-28.21171
622,Case of Norovirus Reported in Stratford,United States,Stratford,41.18454,-73.13317,51384.0,0,-73.13317,41.18454
623,How to Avoid Hepatitis E in South Bend,United States,South Bend,41.68338,-86.25001,101516.0,0,-86.25001,41.68338
624,Hepatitis C Outbreak in Bethlehem,South Africa,Bethlehem,-28.23078,28.30707,83654.0,9,28.30707,-28.23078
625,Davenport is infested with Dengue,United States,Davenport,41.52364,-90.57764,102582.0,0,-90.57764,41.52364
626,Rumors about Swine Flu spreading in Suzhou have been refuted,China,Suzhou,31.30408,120.59538,5345961.0,4,120.59538,31.30408
627,Malaria Vaccine is now Required in Elyria,United States,Elyria,41.36838,-82.10765,53775.0,0,-82.10765,41.36838
629,Case of Swine Flu Reported in Tbilisi,Georgia,Tbilisi,41.69411,44.83368,1049498.0,12,44.83368,41.69411
632,Influenza Keeps Spreading in Suffolk,United States,Suffolk,36.72836,-76.58496,88161.0,0,-76.58496,36.72836
633,More people in Allentown are infected with Chlamydia every year,United States,Allentown,40.60843,-75.49018,120207.0,0,-75.49018,40.60843
634,Mad Cow Disease re-emerges in Bedford,United Kingdom,Bedford,52.13459,-0.46632,106940.0,2,-0.46632,52.13459
635,Authorities are Worried about the Spread of Hepatitis B in Yiwu,China,Yiwu,29.31506,120.07676,89629.0,4,120.07676,29.31506
636,Zika Outbreak in Yurimaguas,Peru,Yurimaguas,-5.90181,-76.12234,41827.0,0,-76.12234,-5.90181
637,Dengue Outbreak in Easton,United States,Easton,40.68843,-75.22073,26915.0,0,-75.22073,40.68843
638,Varicella has Arrived in Milton,Canada,Milton,43.51681,-79.88294,101715.0,0,-79.88294,43.51681
639,New medicine wipes out Meningitis in Sevilla,Spain,Sevilla,37.38283,-5.97317,703206.0,2,-5.97317,37.38283
640,Authorities are Worried about the Spread of Varicella in Clovis,United States,Clovis,36.82523,-119.70292,104180.0,0,-119.70292,36.82523
641,More Zika patients reported in Fort Worth,United States,Fort Worth,32.72541,-97.32085,833319.0,0,-97.32085,32.72541
642,Zika symptoms spotted in Boynton Beach,United States,Boynton Beach,26.52535,-80.06643,73966.0,0,-80.06643,26.52535
643,Outbreak of Zika in Portoviejo,Ecuador,Portoviejo,-1.05458,-80.45445,170326.0,0,-80.45445,-1.05458
644,Influenza Exposure in Muscat,Oman,Muscat,23.584130000000002,58.40778,797000.0,-1,58.40778,23.584130000000002
645,Rumors about Rabies spreading in Jerusalem have been refuted,Israel,Jerusalem,31.76904,35.21633,801000.0,11,35.21633,31.76904
646,More Zika patients reported in Indang,Philippines,Indang,14.19528,120.87694,41159.0,4,120.87694,14.19528
647,Suva authorities confirmed the spread of Rotavirus,Fiji,Suva,-18.14161,178.44149,77366.0,13,178.44149,-18.14161
648,More Zika patients reported in Bella Vista,Dominican Republic,Bella Vista,18.45539,-69.9454,175683.0,0,-69.9454,18.45539
649,Zika Outbreak in Wichita Falls,United States,Wichita Falls,33.91371,-98.49339,104710.0,0,-98.49339,33.91371
